{
    "metadata":{
        "generator":"io_three",
        "type":"Geometry",
        "normals":22,
        "version":3,
        "uvs":0,
        "vertices":148,
        "faces":130
    },
    "vertices":[-30,1.31134e-06,30,-23.3333,1.31134e-06,30,-16.6667,1.31134e-06,30,-10,1.31134e-06,30,-3.33333,1.31134e-06,30,3.33333,1.31134e-06,30,10,1.31134e-06,30,16.6667,1.31134e-06,30,23.3333,1.31134e-06,30,30,1.31134e-06,30,-30,1.01993e-06,23.3333,-23.3333,1.01993e-06,23.3333,-16.6667,1.01993e-06,23.3333,-10,1.01993e-06,23.3333,-3.33333,1.01993e-06,23.3333,3.33333,1.01993e-06,23.3333,10,1.01993e-06,23.3333,16.6667,1.01993e-06,23.3333,23.3333,1.01993e-06,23.3333,30,1.01993e-06,23.3333,-30,7.28523e-07,16.6667,-23.3333,7.28523e-07,16.6667,-16.6667,7.28523e-07,16.6667,-10,7.28523e-07,16.6667,-3.33333,7.28523e-07,16.6667,3.33333,7.28523e-07,16.6667,10,7.28523e-07,16.6667,16.6667,7.28523e-07,16.6667,23.3333,7.28523e-07,16.6667,30,7.28523e-07,16.6667,-30,4.37114e-07,10,-23.3333,4.37114e-07,10,-16.6667,4.37114e-07,10,-10,4.37114e-07,10,-3.33333,4.37114e-07,10,3.33333,4.37114e-07,10,10,4.37114e-07,10,16.6667,4.37114e-07,10,23.3333,4.37114e-07,10,30,4.37114e-07,10,-30,1.45705e-07,3.33333,-23.3333,1.45705e-07,3.33333,-16.6667,1.45705e-07,3.33333,-10,1.45705e-07,3.33333,-3.33333,1.45705e-07,3.33333,3.33333,1.45705e-07,3.33333,10,1.45705e-07,3.33333,16.6667,1.45705e-07,3.33333,23.3333,1.45705e-07,3.33333,30,1.45705e-07,3.33333,-30,-1.45705e-07,-3.33333,-23.3333,-1.45705e-07,-3.33333,-16.6667,-1.45705e-07,-3.33333,-10,-1.45705e-07,-3.33333,-3.33333,-1.45705e-07,-3.33333,3.33333,-1.45705e-07,-3.33333,16.6667,-1.45705e-07,-3.33333,23.3333,-1.45705e-07,-3.33333,30,-1.45705e-07,-3.33333,-30,-4.37114e-07,-10,-23.3333,-4.37114e-07,-10,-16.6667,-4.37114e-07,-10,-10,-4.37114e-07,-10,-3.33333,-4.37114e-07,-10,3.33333,-4.37114e-07,-10,10,-4.37114e-07,-10,16.6667,-4.37114e-07,-10,23.3333,-4.37114e-07,-10,30,-4.37114e-07,-10,-30,-7.28523e-07,-16.6667,-23.3333,-7.28523e-07,-16.6667,-16.6667,-7.28523e-07,-16.6667,-10,-7.28523e-07,-16.6667,-3.33333,-7.28523e-07,-16.6667,3.33333,-7.28523e-07,-16.6667,10,-7.28523e-07,-16.6667,16.6667,-7.28523e-07,-16.6667,23.3333,-7.28523e-07,-16.6667,30,-7.28523e-07,-16.6667,-30,-1.01993e-06,-23.3333,-23.3333,-1.01993e-06,-23.3333,-16.6667,-1.01993e-06,-23.3333,-10,-1.01993e-06,-23.3333,-3.33333,-1.01993e-06,-23.3333,3.33333,-1.01993e-06,-23.3333,10,-1.01993e-06,-23.3333,16.6667,-1.01993e-06,-23.3333,23.3333,-1.01993e-06,-23.3333,30,-1.01993e-06,-23.3333,-30,-1.31134e-06,-30,-23.3333,-1.31134e-06,-30,-16.6667,-1.31134e-06,-30,-10,-1.31134e-06,-30,-3.33333,-1.31134e-06,-30,3.33333,-1.31134e-06,-30,10,-1.31134e-06,-30,16.6667,-1.31134e-06,-30,23.3333,-1.31134e-06,-30,30,-1.31134e-06,-30,-30,7.78288,30,-23.3333,7.78288,30,-16.6667,7.78288,30,-10,7.78288,30,-3.33333,7.78288,30,3.33333,7.78288,30,10,7.78288,30,16.6667,7.78288,30,23.3333,7.78288,30,30,7.78288,30,-30,7.78288,23.3333,30,7.78288,23.3333,-30,7.78288,16.6667,30,7.78288,16.6667,-30,7.78288,10,30,7.78288,10,-30,7.78287,3.33333,30,7.78287,3.33333,-30,7.78287,-3.33334,30,7.78287,-3.33334,-30,7.78287,-10,30,7.78287,-10,-30,7.78287,-16.6667,30,7.78287,-16.6667,-30,7.78287,-23.3333,30,7.78287,-23.3333,-30,7.78287,-30,-23.3333,7.78287,-30,-16.6667,7.78287,-30,-10,7.78287,-30,-3.33333,7.78287,-30,3.33333,7.78287,-30,10,7.78287,-30,16.6667,7.78287,-30,23.3333,7.78287,-30,30,7.78287,-30,-23.3333,3.51809,3.33333,-30,3.51809,3.33333,-16.6667,3.51809,3.33333,-10,3.51809,3.33333,-3.33333,3.51809,3.33333,3.33333,3.51809,3.33333,-30,3.51809,-3.33334,-23.3333,3.51809,-3.33334,-16.6667,3.51809,-3.33334,-10,3.51809,-3.33334,-3.33333,3.51809,-3.33334,3.33333,3.51809,-3.33334,10,-1.45705e-07,-3.33333],
    "uvs":[],
    "normals":[0,1,-4.37114e-08,0,1,-4.37114e-08,0,1,-4.37114e-08,0,1,-4.37114e-08,0,1,-4.37114e-08,0,1,-4.37114e-08,0,1,-4.37114e-08,-1,-0,0,0,6.77693e-08,1,0,-6.77693e-08,-1,0,6.77693e-08,1,0,-0,-1,1,0,0,0,0,1,-1,-0,0,0,-0,-1,0,0,1,1,0,0,0,1,-7.15256e-08,0,1,-7.15256e-08,0.466714,0.884408,-5.6932e-08,0,-6.77693e-08,-1],
    "faces":[33,0,1,11,10,0,0,0,0,33,1,2,12,11,0,0,0,0,33,2,3,13,12,1,1,1,1,33,3,4,14,13,0,0,0,0,33,4,5,15,14,1,1,1,1,33,5,6,16,15,0,0,0,0,33,6,7,17,16,0,0,0,0,33,7,8,18,17,0,0,0,0,33,8,9,19,18,0,0,0,0,33,10,11,21,20,2,2,2,2,33,11,12,22,21,2,2,2,2,33,12,13,23,22,3,3,3,3,33,13,14,24,23,2,2,2,2,33,14,15,25,24,4,4,4,4,33,15,16,26,25,2,2,2,2,33,16,17,27,26,2,2,2,2,33,17,18,28,27,2,2,2,2,33,18,19,29,28,2,2,2,2,33,20,21,31,30,1,1,1,1,33,21,22,32,31,1,1,1,1,33,22,23,33,32,0,0,0,0,33,23,24,34,33,1,1,1,1,33,24,25,35,34,0,0,0,0,33,25,26,36,35,1,1,1,1,33,26,27,37,36,1,1,1,1,33,27,28,38,37,1,1,1,1,33,28,29,39,38,1,1,1,1,33,30,31,41,40,5,5,5,5,33,31,32,42,41,5,5,5,5,33,32,33,43,42,6,6,6,6,33,33,34,44,43,5,5,5,5,33,34,35,45,44,6,6,6,6,33,35,36,46,45,5,5,5,5,33,36,37,47,46,6,6,6,6,33,37,38,48,47,5,5,5,5,33,38,39,49,48,5,5,5,5,33,50,40,136,141,7,7,7,7,33,41,42,137,135,8,8,8,8,33,53,52,143,144,9,9,9,9,33,44,45,140,139,10,10,10,10,33,40,41,135,136,8,8,8,8,32,147,55,146,9,9,9,33,46,47,56,147,0,0,0,0,33,47,48,57,56,5,5,5,5,33,48,49,58,57,5,5,5,5,33,50,51,60,59,5,5,5,5,33,51,52,61,60,5,5,5,5,33,52,53,62,61,6,6,6,6,33,53,54,63,62,5,5,5,5,33,54,55,64,63,6,6,6,6,33,55,147,65,64,5,5,5,5,33,147,56,66,65,6,6,6,6,33,56,57,67,66,5,5,5,5,33,57,58,68,67,5,5,5,5,33,59,60,70,69,0,0,0,0,33,60,61,71,70,0,0,0,0,33,61,62,72,71,1,1,1,1,33,62,63,73,72,0,0,0,0,33,63,64,74,73,0,0,0,0,33,64,65,75,74,0,0,0,0,33,65,66,76,75,5,5,5,5,33,66,67,77,76,0,0,0,0,33,67,68,78,77,0,0,0,0,33,69,70,80,79,2,2,2,2,33,70,71,81,80,2,2,2,2,33,71,72,82,81,3,3,3,3,33,72,73,83,82,2,2,2,2,33,73,74,84,83,4,4,4,4,33,74,75,85,84,2,2,2,2,33,75,76,86,85,2,2,2,2,33,76,77,87,86,2,2,2,2,33,77,78,88,87,2,2,2,2,33,79,80,90,89,0,0,0,0,33,80,81,91,90,0,0,0,0,33,81,82,92,91,1,1,1,1,33,82,83,93,92,0,0,0,0,33,83,84,94,93,1,1,1,1,33,84,85,95,94,0,0,0,0,33,85,86,96,95,0,0,0,0,33,86,87,97,96,0,0,0,0,33,87,88,98,97,0,0,0,0,33,3,2,101,102,11,11,11,11,33,69,79,123,121,12,12,12,12,33,92,93,129,128,13,13,13,13,33,58,49,116,118,14,14,14,14,33,8,7,106,107,15,15,15,15,33,4,3,102,103,15,15,15,15,33,93,94,130,129,13,13,13,13,33,50,59,119,117,12,12,12,12,33,39,29,112,114,7,7,7,7,33,88,78,122,124,14,14,14,14,33,9,8,107,108,15,15,15,15,33,94,95,131,130,13,13,13,13,33,30,40,115,113,12,12,12,12,33,19,9,108,110,14,14,14,14,33,5,4,103,104,15,15,15,15,33,0,10,109,99,12,12,12,12,33,79,89,125,123,12,12,12,12,33,68,58,118,120,14,14,14,14,33,95,96,132,131,16,16,16,16,33,1,0,99,100,15,15,15,15,33,10,20,111,109,12,12,12,12,33,89,90,126,125,13,13,13,13,33,59,69,121,119,17,17,17,17,33,49,39,114,116,14,14,14,14,33,6,5,104,105,15,15,15,15,33,96,97,133,132,13,13,13,13,33,98,88,124,134,14,14,14,14,33,2,1,100,101,15,15,15,15,33,90,91,127,126,13,13,13,13,33,40,50,117,115,12,12,12,12,33,97,98,134,133,13,13,13,13,33,29,19,110,112,14,14,14,14,33,7,6,105,106,11,11,11,11,33,78,68,120,122,7,7,7,7,33,91,92,128,127,16,16,16,16,33,20,30,113,111,17,17,17,17,33,136,135,142,141,18,18,18,18,33,135,137,143,142,18,18,18,18,33,137,138,144,143,19,19,19,19,33,138,139,145,144,18,18,18,18,33,139,140,146,145,19,19,19,19,33,140,46,147,146,20,20,20,20,32,45,46,140,8,8,8,33,54,53,144,145,9,9,9,9,33,42,43,138,137,8,8,8,8,33,51,50,141,142,9,9,9,9,33,55,54,145,146,21,21,21,21,33,43,44,139,138,8,8,8,8,33,52,51,142,143,9,9,9,9]
}